id,竞品,类型,背景,产品定位分析,产品核心业务体验报告,产品优点,产品缺点,为满足的需求是什么,,,,,
崔畅,情侣记小程序,小程序类,"• 市场需求催生：当下恋爱社交市场中，情侣群体存在多种情感维系与互动需求。热恋期情侣羞于表达日常尴尬话题，平淡期情侣缺乏互动新鲜感，异地恋情侣安全感缺失、共同体验较少 。同时，传统情侣App部分存在查岗定位、桌面侵略性等问题，给用户带来不佳体验，在此背景下，“情侣记”小程序应运而生，致力于填补市场空白。
• 多渠道拓展与推广：为扩大用户群体和品牌影响力，“情侣记”与抖音、小红书、快手等流量平台展开合作，通过设置奖励机制鼓励用户发布内容，提升产品曝光度和活跃度。此外，还拥有官方APP和专门公众号，构建起多维度的产品生态与推广渠道。","目标用户及其功能定位：
聚焦18-28岁年轻情侣（核心为大学生、初入职场白领、异地恋人群），围绕其不同恋爱阶段的核心需求，构建功能体系：
• 针对热恋期情侣：以“隔空拉屎”、语气转化器等趣味互动功能为核心，降低表达尴尬，打破亲密壁垒，让轻松互动成为情感升温的载体。
• 针对平淡期情侣：通过情侣飞行棋、狼王狼人等游戏，以及“100件小事”任务、365天打卡领现金等激励机制，注入新鲜感，提升互动频率，避免关系僵化。
• 针对异地恋情侣：以实时位置共享、设备状态同步、7天轨迹回顾为核心安全感功能，搭配远程互动玩法，弥补物理距离带来的疏离感，同时用银行级加密保障隐私，平衡“安全感”与“信任感”。
• 覆盖全阶段情侣记录需求：恋爱日记、时光相册、纪念日智能提醒等功能，满足情侣对恋爱点滴的记录欲，通过恋爱电子书生成等功能强化仪式感，助力长期关系维护。

市场定位：
• 差异化的情侣情感服务工具：区别于传统情侣App的“查岗式定位”“强桌面侵入性”，以“趣味互动+安全守护+仪式感营造”为核心差异点，填补市场中“低压力、高趣味、重信任”的情侣工具空白。
• 多场景覆盖的恋爱全周期助手：从热恋期的互动破冰，到平淡期的新鲜感维系，再到异地恋的信任加固，以及长期关系的仪式感培养，覆盖情侣恋爱全阶段场景，成为贯穿恋爱周期的“一站式情感服务平台”。
• 社交属性驱动的年轻化品牌：依托与抖音、小红书等平台的合作，结合创意功能引发用户自发传播，打造“年轻情侣专属、好玩又实用”的品牌认知，吸引对新鲜事物接受度高、注重情感表达的年轻群体，形成差异化市场标签。","1. **四类功能**：恋爱记录类有恋爱日记、时光相册、心情日记；恋爱互动类有悄悄话、情侣游戏等；恋爱任务类有 100 件小事、打卡领钱；定位相关类有情侣定位。
2. **功能体验**：登录后邀请对象参加才可使用完整功能。恋爱日记类似朋友圈；时光相册可上传照片；100 件小事可自主添加并生成分享图等。
3. **特色功能**：七天挑战针对特定人群；隔空拉屎有全国各省挑战排行榜；语气转化器和模拟对话使用了 AI，但不太智能。
4. **平台联动**：与抖音、小红书等平台有联动。
5. **商业变现 - 会员增值**：微信小程序端部分基础功能免费，App 端开通 VIP 会员服务，定价 19 元/月，解锁完整功能。
6. **商业变现 - 广告植入**：激励视频广告转化率超 18%；信息流广告单用户日均曝光 1.2 次。
7. **商业变现 - 高粘性激励**：365 天打卡领 1314 元现金，实际领取率 0.3%（2025 年 800 对成功），提升日活量并带来收入。","• 功能丰富且具特色：涵盖恋爱记录、互动、任务、定位等多类型功能，满足情侣在恋爱不同阶段和场景下的需求。特色功能如“隔空拉屎”、语气转化器等，极具创意和趣味性，容易引发用户好奇与传播。
• 精准的用户定位与需求满足：明确聚焦18 - 28岁年轻情侣，尤其是大学生、初入职场白领和异地恋人群。针对不同用户群体的痛点，设计了针对性强的功能，如异地恋专项的位置共享和远程互动功能等，精准解决用户问题。
• 多平台推广与用户激励：通过与主流社交平台合作，利用奖励机制刺激用户在社交平台进行内容分享，有效扩大品牌曝光度和用户基数。同时，公众号和APP的配合，有助于提升用户粘性与活跃度，完善用户体验。
• 激励机制促活：打卡领钱、完成“100件小事”等激励机制，增加用户使用产品的动力和频率，增强用户对产品的参与感和归属感，有助于提高用户留存率。","• 部分功能体验有待优化：AI相关功能（语气转化器、模拟对话）智能程度较低，无法很好满足用户需求。情侣闹钟仅在小程序内显示，使用便捷性不足。
• 免费与付费功能界限影响体验：非会员在悄悄话聊天记录保留时长、打卡领钱补打卡等方面存在限制，可能降低免费用户的使用意愿，导致部分用户流失。
• 隐私与安全争议风险：定位相关功能虽可提供安全感，但默认开启的一些记录功能（如停留地点记录）可能引发用户隐私担忧，需要更完善的隐私设置引导和说明，平衡用户对安全感和隐私保护的需求。
• 功能深度与广度仍需拓展：面向单身或暧昧期用户的功能相对较少且深度不足，对这部分潜在用户的吸引力不够。部分功能在玩法和内容上还可以进一步丰富和创新，以持续满足用户不断变化的需求",,崔畅：商业化模式：广场帖子，购物，（广场官方发帖解决app问题），日记定制/相册设计,恋爱翻译器：提供提示词,聊天内容是否可以做一个情感分析,假设：养宠物的是否会上传虚拟头像？还是都喜欢选择其中一个宠物,防冲动分手信件（绑定结束前）
,情侣恋爱点滴,,随着移动互联网对亲密关系场景的渗透，情侣间对专属线上互动空间、恋爱过程记录工具的需求逐渐凸显。该小程序应运而生，聚焦情侣群体在恋爱中的记录、互动、娱乐等核心需求，整合多种功能以满足情侣对恋爱过程数字化管理和情感升温的需求，同时探索通过会员服务、广告及生活服务推荐实现商业变现。,"该小程序定位为情侣专属的一站式恋爱管理与互动平台，核心目标用户是追求仪式感、注重恋爱细节记录且有线上互动需求的年轻情侣。
• 从功能来看，既满足“记录”需求（如纪念日、恋爱时长、动态相册等），又提供“互动”场景（如双人游戏、许愿功能、情侣空间），同时兼顾实用性（消息通知、生活服务入口），形成“记录+互动+服务”的闭环。
• 从商业角度，通过免费基础功能吸引用户，再以会员特权、广告和生活服务佣金实现变现，平衡用户体验与商业价值","1. **恋爱记录功能丰富**：可记录纪念日、自动计算恋爱时长，有恋爱清单、姨妈记录、动态发布、心形相册、打卡排行榜等，增加互动与仪式感，保护隐私。
2. **互动娱乐功能多样**：有双人小游戏，含自研和第三方联机游戏，还有广告展示；提供多种主题皮肤，部分 VIP 免费；有许愿功能。
3. **其他实用功能**：支持邀请另一半开通情侣空间，可设置消息通知，有客服服务，公众号提供会员充值和补打卡服务。
4. **会员增值服务**：部分精美主题皮肤 VIP 免费使用，推测会员还有解锁更多恋爱记录模板、无限制补签打卡等特权。
5. **广告投放**：在双人小游戏板块展示第三方广告，随用户量增加，广告收入增长空间大。
6. **生活服务推荐**：提供特价电影票购买入口，展示生活服务福利券，平台可获佣金和推广费用。 
7. **亲密度指数**：情侣亲密度指数共九级，打卡排行榜可增加用户粘性。","1. 功能覆盖全面，场景贴合需求：涵盖记录（纪念日、姨妈期）、互动（双人游戏、情侣动态）、实用工具（消息通知、客服）等多场景，能满足情侣在恋爱中的多样化需求，提升用户粘性。
2. 变现模式清晰多元：结合会员增值服务、广告投放、生活服务佣金，既通过免费功能获客，又能通过付费特权和流量变现创造收益，商业化路径明确。
3. 注重情感与仪式感：心形相册、恋爱清单分享图等设计贴合情侣对浪漫和仪式感的追求，增强产品情感属性，易引发用户共鸣和分享行为。","1. 功能同质化风险：恋爱记录、双人游戏等功能在同类情侣APP中较常见，若缺乏独特创新点，可能面临用户流失风险。
2. 广告与用户体验的平衡待优化：双人游戏板块的广告可能影响游戏体验，若广告投放过多或形式生硬，可能降低用户好感度。
3. 会员特权描述模糊：仅“推测”会员有解锁模板、无限制补签等特权，未明确具体权益，可能降低用户付费意愿，不利于会员转化。
4. 生活服务入口的关联性待加强：特价电影票、福利券等服务与核心恋爱场景的关联性较弱，若推荐不够精准，可能导致用户使用率低，影响佣金收益",,,,,,
,恋语记,,恋语记是一款专注于情侣群体的恋爱记录小程序，基于时间管理、资金管理以及情感寄托等方向开发，旨在为情侣提供一个能够记录生活点滴、促进感情提升的平台。 从其开发者自述可知，目前该产品尚处于独立开发的成长阶段，在UI界面和使用交互上还存在诸多不足，处于持续改进和完善的过程中,"• 目标用户：明确针对情侣群体，尤其是渴望记录恋爱生活、增强情感互动的年轻情侣。
• 核心功能定位：以恋爱生活记录为基础，涵盖记时、记事、记账等功能，同时设置动态发布、打卡、点赞评论等互动环节，强化情侣之间的情感交流；此外，还包含姨妈记录预测、时光相册、一起记日记、旅行、养宠物等特色功能，满足情侣多样化的需求","1. **首页界面风格**：主页呈粉粉的风格，背景是实体草莓熊，图标设计为甜甜的可爱风。
2. **广告情况**：进入小程序后一秒内广告跳出 3 次，个人中心底部也随时更换广告。
3. **个人中心内容**：个人中心无明显卖点，但有客服服务，有等级和“糖果”（类似积分），糖果商城可兑换补签卡和会员。
4. **商业变现逻辑**：通过广告投流、开会员服务以及打卡补签服务盈利。
5. **特色功能 - 运动**：仅做简单运动记录和日历展示。
6. **特色功能 - 衣橱**：分类较多，仅支持照片上传，功能表现一般。
7. **特色功能 - 旅行计划与可爱萌宠**：旅行计划可两人一起制定未来旅游计划并发布动态；可爱萌宠功能较丰富，有人提议可通过 AI 为现实宠物模拟电子版动态宠物。","• 功能丰富多样：满足情侣在恋爱生活中的多种需求，从日常记录（如记日记、分享美食 ）到特定事项管理（姨妈记录预测），再到互动功能（想TA打卡、点赞评论）， 能全方位覆盖情侣相处的各个场景，有助于增进情侣间的情感。
• 互动性强：动态发布、打卡等互动环节，为情侣提供了一个分享生活、表达爱意、增进互动的平台，让情侣即使在物理距离较远时，也能通过小程序保持紧密的情感联系","• 界面设计问题：虽然整体风格主打可爱甜美风，但背景使用实体草莓熊图案，与整体风格不够协调，破坏了界面的美感和统一性，影响用户的视觉体验
• 广告过多：进入小程序后一秒内广告小程序出现3次，个人中心底部也随时更换广告，频繁的广告展示严重影响用户体验，容易引起用户反感
• 部分功能体验感不佳：运动记录功能仅能做简单记录和日历展示，缺乏深度的数据分析和专业的运动指导；衣橱功能虽分类多，但仅支持照片上传，在功能实现上较为单一，用户体验感一般
• 个人中心缺乏亮点：个人中心除了客服服务外，“我的等级”和“我的糖果”类似其他小程序的常见设置，无明显独特卖点，对用户的吸引力不足",,,,,,
,情侣恋爱时光,,2020年疫情期间，异地恋情侣数量增多，他们对于能方便进行日常互动与情感留存的工具需求大增。在此背景下，腾讯生态推出「情侣恋爱时光」微信小程序，以满足情侣们的需求， 提供轻量化、无下载负担的恋爱记录与互动服务,"• 私密性定位：打造仅情侣双方可见的专属私密空间，强化情侣间的信任，满足情侣对于隐私记录和交流的需求， 让情侣能放心地记录恋爱中的各种事情，不用担心隐私泄露。
• 轻量化定位：依托微信生态，免安装的特性使得用户无需额外占用手机内存，降低使用门槛，方便快捷地随时使用小程序记录恋爱日常，符合当下人们追求便捷的使用习惯 。
• 情感载体定位：区别于一般的社交或娱乐工具，专注于帮助情侣留存共同记忆，成为承载情侣情感历程的重要工具， 助力情侣们记录恋爱中的点点滴滴，珍藏美好回忆","1. **功能完善多样**：主页需与对象绑定使用，界面为手绘漫画风。具备纪念日记录、私密日记、情侣游戏、姨妈助手、时光机、恋爱工坊、会员中心等功能，满足情侣不同需求。
2. **私密日记特色**：设有密码，初始密码为 1314，为情侣提供私密记录空间，增进情感交流。
3. **情侣游戏情况**：推荐如“天才组字”“情侣飞行棋”等游戏，有免费和 vip 版本，仅支持同地情侣。
4. **恋爱工坊变现**：包含恋爱笔记和爱情回忆录功能，可将恋爱回忆实体化，是付费项目，增加变现途径。
5. **会员服务机制**：推出一人开通、两人共享的会员服务，设有情侣币机制，可通过做任务获取，用于兑换服务或道具。
6. **功能体验优缺点**：优点是功能丰富、界面美观、回忆记录有意义；不足是部分功能仅支持同地情侣，游戏数量较少。
7. **商业变现渠道**：通过会员收费解锁更多功能和专属权益，以及引导用户付费购买情侣币兑换道具或服务来实现变现。","• 用户体验佳：
1. 无商业化干扰：在行业普遍充斥广告与付费项目的情况下，该小程序做到无广告、无付费项目，为用户营造纯净使用环境， 让情侣能专注于记录恋爱点滴，提升用户好感度。
3. 界面简洁易用：功能入口清晰，方便用户快速找到所需功能；自定义背景功能增强了用户的归属感与个性化体验。
• 核心功能精准：
1. 双人日记有特色：具备加密和定期交换功能，既保障隐私又促进情侣深度沟通，增进彼此了解。
2. 纪念日提醒贴心：对纪念日进行倒数日和累计日分类，智能推送提醒，避免情侣遗忘重要时刻， 增强恋爱仪式感。
3. 关怀女性健康：姨妈期预测功能体现对女性健康的关怀，也让男性伴侣更好地参与其中，强化双方互动与情感连接。
5. 记录形式多样：时光机时间轴支持图文、音视频混合记录，能全面、生动地还原情侣生活轨迹，方便回顾恋爱历程。
• 情感增值服务出色：免费情侣书印刷将数字记忆实体化，节日定制视频（如情人节免费vlog制作） 为情侣增添惊喜，提升恋爱中的浪漫氛围，让情侣留下独特而美好的回忆","• 功能迭代缓慢：2023年后无重大更新，相比竞品（如“恋爱记” ），在功能丰富度上落后，缺乏共同存钱、远程闹钟等实用功能；同时缺少互动游戏，难以满足用户尤其是异地情侣在互动娱乐方面的需求。
• 数据安全存忧：相册备份仅支持本地存储，无云端同步选项，用户更换设备时容易导致数据丢失，威胁到恋爱记录的完整性与安全性。
• 生态兼容不足：未接入微信状态、朋友圈等社交能力，限制了用户分享恋爱瞬间的途径，降低了社交互动性和小程序的传播能力",,,,,,
,恋爱日,,在商业化情侣APP大量涌现的市场环境下，诸如小恩爱、情侣空间等应用，存在强制收费、广告干扰等问题。恋爱日小程序由一对情侣独立开发， 旨在解决主流应用的这些弊端，打造一款真正贴合情侣需求的记录工具。,"• 目标用户群体：主要面向追求仪式感、重视隐私且反感商业化的年轻情侣，其中学生情侣占比约65%，异地恋群体约占20% ，隐私敏感型用户约占15%。
• 功能定位：是一款轻量化的恋爱记录工具，依附微信生态，无需下载独立APP，专注于纪念日提醒、双人打卡、私密相册等情侣记录场景， 强调情感陪伴，增加情侣互动仪式感，同时注重隐私保护，提供密码锁/指纹解锁等功能。
• 市场定位：与主流商业化情侣APP形成差异，以“零商业化”作为核心竞争力，提供免费且无广告的纯净体验，吸引对商业化行为反感的用户群体。",". **首页功能**：具备纪念日记录功能，可自动计算在一起的天数并展示相关照片；设有心里话、情侣学炒股等快捷入口，但宠物公寓功能较单一。
2. **便利贴功能**：有情侣必做100件事打卡，完成可领花瓣；支持经期、生日提醒等，还能编辑对方喜好。
3. **心事板块**：类似知乎社区，用户可浏览和回答其他用户分享的恋爱话题，也能发布自己的恋爱心事。
4. **发现功能（会员专属）**：有小目标打卡、情侣测验、珍藏册等特殊功能，还设有防冲动分手信件留存机制。
5. **我的板块**：可编辑资料、查看会员服务、参与爱情花瓣体系及进行关系管理。
6. **体验情况**：优点是界面清新可爱、操作便捷、互动性强、有个性化设置；不足是广告干扰多、部分功能深度不够、受小程序平台限制。
7. **商业变现渠道**：包括会员服务收费、广告投放和花瓣小店商品或服务兑换。","• 功能设计契合需求：设有纪念日记录、情侣必做100件事打卡等功能，满足情侣记录恋爱点滴、增加互动仪式感的需求； 经期提醒、生日提醒等个性化便利贴功能，体现对情侣生活细节的关注。
• 界面与体验优势：界面设计清新可爱，符合情侣审美；操作便捷，功能布局合理，方便用户快速上手使用。
• 互动性强 ：心事板块方便情侣分享恋爱心情，还能浏览和回复其他用户话题，增强情感交流；小目标、情侣测验等功能，促进情侣共同参与和互动。
• 隐私保障较好：支持密码锁/指纹解锁，一定程度上保障恋爱记录的私密性，让重视隐私的用户放心使用。","• 广告影响体验：界面中存在较多广告展示，与宣传的“无广告”体验不符，干扰用户正常使用，降低用户体验感。
• 功能深度不足：部分功能相对基础，缺乏深度和拓展性，如情侣学炒股功能没有深入指导； 缺乏实时协作编辑、跨平台同步等功能，无法满足用户更丰富的需求。
• 商业与免费的矛盾：一方面强调零商业化、免费使用，另一方面存在较多广告且推出会员服务，可能导致部分用户对产品理念产生质疑 。
• 平台依赖局限：深度绑定微信，无独立APP版本，换设备登录需重新授权，数据迁移不便，限制了用户在不同场景下的使用便捷性。",,,,,,
,闺蜜花园,,在当下社交需求多元化的大环境下，闺蜜作为女性生活中不可或缺的亲密关系，其互动需求亟需专属线上平台来承载。移动互联网与小程序技术的成熟，为满足这一细分社交需求提供了可能。闺蜜花园小程序正是在此背景下诞生，旨在为闺蜜群体打造线上专属互动空间。,"• 目标用户：主要针对重视闺蜜情谊、追求与闺蜜共同成长且热衷于线上互动的年轻女性群体，她们有强烈的社交分享欲，渴望通过线上平台记录与闺蜜的点滴。
• 产品功能定位：是一款聚焦闺蜜社交的小程序，以目标打卡为核心，搭配照片分享、个性化设置等功能，助力闺蜜间相互监督、情感交流。
• 市场定位：在社交小程序市场中，精准锁定闺蜜细分领域，区别于综合社交平台，以独特的闺蜜互动模式形成差异化竞争优势。","一、功能介绍

 1. 授权登录：用户可以通过授权登录闺蜜花园小程序，进入使用该小程序的各项功能。同时，规定每人可加入5个闺蜜团，每个闺蜜团上限为8人，便于用户与不同的闺蜜群体进行互动。

 2. 目标打卡：提供共同打卡小目标的功能，例如“一周不喝奶茶”，用户可以选择加入这些打卡活动，设定开始和结束时间，通过打卡来督促自己完成目标，和闺蜜一起变优秀。

 3. 动态提醒：用户可以设置接收闺蜜的动态提醒，及时了解闺蜜在小程序中的相关活动，增强互动性和亲密感。

 4. 背景设置：支持用户上传和闺蜜的美照作为背景图片，增添个性化元素，展示闺蜜之间的美好回忆。

 5. 拍照分享：设有“美照”功能模块，可能支持用户拍照以及分享和闺蜜相关的照片，增加互动和内容分享的趣味性。
二、功能体验情况

 6. 界面设计：整体界面以粉色为主色调，搭配可爱的插画和柔和的字体，风格清新甜美，符合闺蜜主题，能给用户带来温馨、愉悦的视觉体验。

 7. 操作便捷性：功能模块布局清晰，操作流程相对简单，授权登录、加入打卡等操作容易理解和上手，对于普通用户来说门槛较低。

 8. 互动性：打卡和动态提醒等功能，能够有效增强闺蜜之间的互动和联系，共同完成目标的设定也有助于增进闺蜜之间的情感交流

 9. 个性化：背景设置功能满足了用户个性化需求，让用户可以根据自己和闺蜜的独特回忆来定制界面，但功能丰富度上可能还有提升空间
三、商业变现渠道
1.广告投放：进入小程序时有广告，其他没发现有变现渠道
","• 用户定位精准：专注闺蜜群体，能快速吸引目标用户，满足其社交互动的精准需求，增强用户粘性。
• 功能贴合需求：目标打卡功能促进闺蜜共同进步，背景设置与拍照分享契合闺蜜分享美好回忆的需求，提升产品趣味性与个性化。
• 界面设计友好：甜美可爱的界面风格符合女性审美，操作流程简洁，降低用户使用门槛，优化体验。","• 功能单一：仅涵盖打卡、照片分享等基础功能，缺乏深度情感交流（如话题讨论、语音聊天）和生活服务（如聚会场所推荐）等功能，难以满足用户多样化需求。
• 商业变现不足：虽有潜在变现可能，但目前尚未形成清晰盈利路径，广告变现仅在小程序启动时出现，且未发现其他如品牌合作、电商导购等有效变现方式，不利于长期运营。
• 用户增长受限：受限于闺蜜细分领域，用户群体较窄，若缺乏有效推广策略，将难以扩大用户规模，在竞争激烈的社交市场中难以迅速提升影响力。
• 社交互动性弱：缺少群聊等即时互动功能，闺蜜间沟通交流不够便捷高效，影响用户体验和产品活跃度。",,,,,,
,情侣手帐,,又叫恋爱手账，这款恋爱手账小程序由一对相恋4年多的情侣开发。他们在日常记录恋爱点滴时，发现市场上的手账App不适合情侣共同使用，专门的恋爱App又过于复杂，缺乏清新简洁的记录工具。随着恋爱逐渐转变为亲情，家庭琐事增多，他们希望通过一种方式留存恋爱中的甜蜜瞬间，于是在忙碌的工作之余，男生负责写代码，女生负责产品逻辑，共同完成了这款小程序。,"1. 目标用户：主要面向处于恋爱关系中的情侣，涵盖热恋期、稳定交往期等不同阶段的情侣群体，满足他们记录恋爱生活、增进情感互动的需求。
2. 功能定位：是一款集恋爱记录、互动娱乐、社交分享等功能于一体的工具类小程序。通过纪念日记录、恋爱日记等功能，帮助情侣记录恋爱中的重要时刻和日常点滴；飞行棋、情侣券等互动娱乐功能，增加情侣相处的趣味性；情侣圈则提供了一个类似朋友圈的社交分享空间，满足情侣展示恋爱生活、与他人交流互动的需求。
3. 情感定位：强调情感维系与回忆留存，让情侣在忙碌的生活中不忘彼此的美好，将恋爱手账打造成情侣间情感交流的纽带，传递浪漫、温馨的情感氛围，倡导一种积极记录恋爱生活的生活方式。","1. **丰富的功能模块**：有恋爱记录（纪念日、日记、想你记录）、互动娱乐（飞行棋、情侣券等）、打卡活动（520 打卡、签到打卡）、社交分享（情侣圈）和个人中心（情侣关系、登录记录等），满足情侣多方面需求。
2. **良好的体验优点**：界面设计浪漫温馨，功能丰富且操作便捷，底部导航栏清晰，新用户易上手。
3. **存在的体验不足**：部分功能加载速度慢，如打开“情侣圈”可能卡顿；一些功能玩法简单，难以长时间吸引用户。
4. **商业变现方式**：通过会员订阅（提供专属权益）和广告投放（开屏、横幅、信息流广告）实现盈利。
5. **以用户需求为导向**：开发者从自身情侣需求出发，深入了解痛点，打造满足情侣需求的产品。
6. **注重情感连接**：产品不仅是工具，还能帮助情侣记录美好、维系情感，创造情感价值。
7. **秉持简单易用理念**：手账记录方式简单，降低用户使用门槛，让更多人轻松上手。","◦ 需求契合度高：精准定位情侣记录恋爱的需求，解决了市面上相关产品无法满足的痛点，能吸引目标用户使用。
◦ 功能丰富多元：提供多种功能，满足了情侣在记录、互动、社交等多方面的需求，增加了用户粘性。
◦ 情感氛围浓厚：界面设计以及功能设定都充满浪漫温馨的氛围，贴合恋爱主题，容易引起情侣用户的情感共鸣。
◦ 操作门槛较低：整体操作便捷，底部导航栏清晰明了，用户能够快速找到所需功能，新用户上手难度低。","◦ 性能表现欠佳：部分功能如“情侣圈”在加载内容时可能出现卡顿，影响用户的使用流畅度和体验感。
◦ 功能深度不足：部分互动娱乐功能玩法较为简单，难以长时间留住用户，用户容易产生厌倦感。
◦ 商业变现单一：目前仅依靠广告投放、补签打卡和会员订阅三种方式，在应对市场变化和竞争时，抗风险能力较弱。一旦其中某一种方式受到影响（如广告主减少投放、用户对补签和会员服务兴趣降低），小程序的收入可能会大幅下滑。同时，广告投放可能会影响用户体验，若处理不当，容易引起用户反感，进而导致用户流失，最终影响广告收入和其他变现方式。",,,,,,
,恋爱日记-小蛋花,,小蛋花情侣日记小程序由独立开发者Hayes 开发，灵感源自情人节前夕，Hayes 想为伴侣花花准备独特礼物，凭借自身程序员的专业技能，花费一周时间打造出专属两人的情侣日记小程序。最初是个人小程序，在与伴侣使用过程中发现诸多限制，为了满足更多有趣功能需求， 决定开发更完善的“小蛋花Plus”版本。同时，在用户的建议和支持下不断成长，逐步丰富功能，以满足情侣记录爱情的需求。,"• 目标用户：主要面向处于恋爱关系中的情侣群体，旨在为他们提供一个专属的情感记录与互动空间。
• 产品属性：是一款兼具记录与互动功能的日记类小程序，突出情侣之间的亲密互动和情感维系。
• 价值主张：强调记录恋爱生活中的点滴，成为情侣爱情的见证者。通过各种功能，如日记记录、纪念日管理、恋爱任务等，增进情侣之间的感情，为情侣提供一个私密、安全且充满温度的两人世界 。","1. **丰富的功能模块**：支持日记记录、纪念日管理、礼物柜、恋爱签到、未行恋事、相册集、空间足迹、隔空拉屎、游戏空间、社区交流、日记导出等功能，还有会员体系和注册奖励蛋花币。
2. **良好的界面与操作**：整体界面设计清新可爱，以粉色系为主，功能模块清晰，底部导航栏方便切换页面，但部分功能如日记导出有一定学习成本。
3. **较强的互动性**：恋爱签到、未行恋事等功能增强了情侣间互动和趣味性，促进情感交流。
4. **社区反馈待优化**：部分用户遇到签到奖励未发放、相册上传问题等，开发者虽积极解决，但仍影响部分用户体验。
5. **注册奖励有吸引力**：注册奖励蛋花币增加用户注册动力，蛋花币有实际用途，提升用户好感度。
6. **多样的商业变现**：通过会员充值、花花充值、随机抽奖、打赏、蛋花币相关等渠道实现商业变现。","• 情感意义深厚：源于开发者对伴侣的爱，传递出浓厚的情感氛围，能让用户感受到温暖与爱意，激发用户使用小程序记录爱情的兴趣
• 功能丰富多样：涵盖日记记录、纪念日管理、互动游戏、恋爱任务等多种功能，满足情侣在不同场景下的需求，增强情侣之间的互动和情感交流。
• 界面设计讨喜：以粉色系为主的清新可爱风格，贴合恋爱主题，给用户带来舒适的视觉体验。
• 用户参与度高：设有社区功能，方便用户反馈问题和提出建议，且开发者积极听取用户意见，让用户有参与产品改进的体验，增强用户粘性。
• 激励机制良好：注册即奖励积分（蛋花币），日常还有签到奖励（花花），激励用户持续使用小程序，且积分可用于兑换会员、购买服务，提升用户的使用积极性。","• 功能实现受限：作为个人小程序，存在较多功能限制，部分有趣的功能无法实现，影响用户体验和产品进一步发展。
• 稳定性待提高：从社区反馈来看，出现过签到奖励未发放、相册上传问题等，说明小程序在稳定性和功能完善性上还有待加强。
• 操作学习成本：部分功能，如日记导出等，规则相对复杂，需要用户仔细了解，对于一些不熟悉小程序操作的用户来说，可能存在一定的学习成本。",,,,,,
,青芒岛,,随着移动互联网的发展，情侣之间对于线上互动和情感记录的需求日益增长。各类情侣互动类应用和小程序应运而生，旨在为情侣提供一个专属的空间，帮助他们更好地维系感情、记录恋爱中的点滴。青芒岛恋爱空间小程序正是在这样的市场环境下推出，满足情侣在恋爱过程中对于互动、记录、激励等多方面的需求,"• 目标用户：主要面向处于恋爱关系中的情侣群体，年龄层可能涵盖青少年到年轻成年人，这些用户重视恋爱体验，乐于通过线上方式增进感情、记录美好瞬间。
• 功能定位：集情侣互动、恋爱记录、打卡激励、社交分享等功能于一体。通过提供多样化的互动方式，如旅游计划、纪念日提醒、情侣定位等，增强情侣间的情感交流；打卡挑战和免费兑换功能激励用户持续使用，提高用户粘性；社交广场满足用户分享恋爱生活的需求，增加产品的社交属性。
• 市场定位：在竞争激烈的情侣互动类应用市场中，青芒岛恋爱空间小程序凭借独特的打卡挑战赢取现金奖励、丰富的兑换商品等亮点，差异化竞争，吸引追求新鲜、有趣恋爱体验，同时希望获得一定实际奖励的情侣用户。","1. **情侣绑定与纪念日记录**：用户输入对方手机号绑定情侣关系，可记录在一起的天数并在首页展示，增强专属感和仪式感。
2. **打卡挑战**：520 天情侣打卡挑战需付 9.9 元，完成每日任务，连续打卡 520 天可提现 1314 元，激励情侣互动。
3. **免费兑换**：用户每天首页打卡获贝壳，可免费兑换旺仔牛奶、周大福饰品等商品。
4. **情侣互动功能**：有旅游计划、记录纪念日、完成 100 件小事、情侣定位、姨妈日历等功能，增进情侣感情。
5. **功能体验**：界面以粉色系为主，温馨浪漫；操作布局清晰，但部分操作需引导；打卡兑换有吸引力，互动功能涉隐私，社交广场活跃度待提高。
6. **打卡挑战付费**：开启 520 天打卡挑战付费 9.9 元（原价 99 元），收取参与费用盈利。
7. **商业变现渠道**：除打卡付费，还有兑换商品分成、广告投放、高级会员增值服务等盈利方式。","• 功能丰富且针对性强：涵盖了情侣在恋爱生活中的多个方面，从日常互动到重要纪念日，从情感记录到位置共享，几乎满足了情侣对于线上互动的大部分需求，功能针对性强，能够切实帮助情侣增进感情。
• 激励机制吸引人：打卡挑战赢取现金以及免费兑换商品的机制，为用户持续使用小程序提供了强大的动力，有效提高了用户的活跃度和留存率。
• 界面设计契合主题：粉色系的界面风格温馨浪漫，与情侣恋爱的主题高度契合，给用户带来良好的视觉体验，增强了产品的吸引力。
• 社交属性突出：社交广场功能让情侣可以分享恋爱生活，增强了用户之间的互动和共鸣，满足了用户的社交需求，也有助于提高用户对产品的归属感。","• 部分功能门槛较高：如520天打卡挑战，周期过长且中途中断需重新开始，对情侣的坚持度要求极高，可能导致大部分用户难以完成，最终失去参与热情。
• 用户引导不足：对于一些复杂或新推出的功能，缺乏足够的引导说明，新用户在使用时可能会感到困惑，影响用户体验。
• 内容运营待加强：社交广场目前内容相对较少，活跃度不够，缺乏足够的优质内容吸引用户浏览和互动，可能会降低用户对该功能的使用频率。
• 隐私问题风险：情侣定位等涉及隐私的功能，虽然一定程度上能增强安全感，但如果使用不当或权限设置不合理，可能引发情侣间的信任危机，也存在隐私数据泄露的风险。
• 商业变现可能影响用户体验：随着商业变现渠道的拓展，如广告投放等，如果处理不当，可能会对用户体验造成干扰，引起用户反感，导致用户流失",,,,,,
陈静文,Bind,信息共享应用类,三者同质化比较严重，功能高度重合，功能以及优缺点比较共性,,,,,bind是其中功能最丰富的，也是唯一提供付费功能试用三天的，比较利于引导用户后续付费,,,,,
,Linkup app (家庭记录共享),,,,,,,linkup具有双摄像头拍照报备功能；关系拓展了朋友和家人,弹窗消息太多,,,,
,Lookus (定位手机使用自动报告),,,,,,,lookus是相对而言最没有特色功能一款app，反而广告非常多，猜测出得比较晚,,,,,
,双人情侣游戏小程序 (含私密情侣飞行棋),特色功能向,,（只找到了括号里的小程序）适用于同居情侣增进情趣,页面比较一般，不太精美，内容很私密，分为基础版（擦边问题和普通亲密互动）高级版（涉及情感问题和亲密行为）真心话版（涉及恋爱话题和个人喜好）,可以增加情侣互动情趣,只能在一台设备上进行，不适合异地情侣；作为一个小程序不太容易留住客户，可以作为app的一个功能；趣味性比较一般，很单一的功能，问题有些很无聊。,,,,,,
,点点 (AI规划问答),,,比较简约轻松的集成式ai，适合大部分普通用户日常生活交谈、解决情感问题、解决生活决策问题,会通过交谈+提问的方式引导用户剖析问题进而提出解决策略，给出的建议比较合理实用,简约清爽，易操作，支持图片解析。解决情感问题的建议比较实用可接受。,网上存在对app过度偷窃用户数据的舆论；优势在日常生活话题，专业问题不适用；需要用户多层追问才能给出比较合理的回答,,,,,,
,同城结伴app (旅行规划),,,定位比较模糊，像是一个景点攻略软件，但是信息过于少了。,体验很差，app名称叫同城结伴，但是没体现出结伴在哪里，并没有提供同城旅游者的合作方案（更像一个同城“交友”软件）旅游景点信息太少，并且明显非常滞后，实用性非常低；提供了亲子分栏，但是和首页的景点介绍没有区别，没有体现出亲子游的特点，也没有对应的旅游方案，原本应该很适合做一个攻略+服务类型的app，但是意外地做得居然非常不实用。,集合国内著名景点，给出了景点内容和部分开放时间信息。有“圈子”功能供用户之间分享讨论。,开放私信交友的同时监管太弱，骚扰信息众多；信息滞后、文字性景观描述过多，且存在ai撰稿嫌疑，缺少方案提供，智能化比较差，没有对景点的讨论功能，独立做了一个广场用于分享旅游帖；仅限国内景点。,,,,,,
,Between/just between us (海外软件),,,海外app，增加亲密关系仪式感，适合交流隐私话题，增加情趣,其中的卡片提问栏目是比较有特色的功能，包含亲密话题、浪漫关系、个人观念等，为情侣丰富了话题，有利于增进了解。,适用于亲密话题交流，有比较丰富的问题库。截屏和录屏都会显示黑屏，安全上相对有保障。贺卡功能增加一点仪式感。功能简洁。,语言仅限英文，不能改语言，非常不利于在国内推广；功能太过单一，不太丰富可玩。,,,,,,
,Date Countdown (恋爱日常)、lovebook app (可能不支持iOS),,,,,,,,,,,,
彭江雪,standbyus app,应用类,StandBy Us是一款为密友和情侣设计StandBy的轻社交小组件工具，让心上人始终陪伴在手机桌面。通过桌面小组件，用户可以实时查看对方的心情状态，分享照片和近况，感受彼此的陪伴。App还提供位置共享、评论互动等功能，打造专属的两人空间。此外，StandByUs还有腾讯小甜剧《很想很想你》IP联名Q版皮肤等趣味元素，为用户带来更丰富的社交体验。在StandBy Us，打造属于你们的专属空间(朋友圈)需双方都安装App，并在App中添加对方为好友。,"目标用户：情侣和密友（5人）
轻社交","【核心功能】
-你可以在桌面小组件，或StandBy待机界面上看到心上人的实时心情状态，点击「分享瞬间」，即刻展示心情状态
-位置实时共享:实时查看彼此之间的距离，与桌面小组件搭配更加便捷。
-沟通交流:通过评论和表情回复，保持联系，随时随地感受彼此的陪伴。
【其他功能】
-头像下方自动记录起床和睡觉时间；历史Doing:点击头像，查看过去的心情状态；酷炫的 emoji 瀑布流轰炸功能

总：行程自动报备（可设置生活点，到达或者离开生活点会自动分享状态并告知好友）、展示好友距离、睡眠记录、桌面小组件可看动态

商业模式：3天免费，之后68/年，首订五折；Q版皮肤19.9元解锁，邀请一位好友2元解锁
",感觉功能都比较普通，可能设置生活点这个可以借鉴，不是所有位置都报备，只是在特定的生活点会报备,比较典型的报备类型（位置、距离、心情、睡眠等）应用，没有什么可玩性，最多可以换下皮肤以及回忆地图,,,,,,
,suki app (情侣互动),,Suki App是一款专为情侣打造的恋爱互动平台，支持与伴侣共建专属二人小窝，共同喂养萌宠并分享甜蜜时刻。在Suki内，情侣可携手助力虚拟形象 “小 Suki” 成长，使其进化为多种可爱形态；同时能随时上传照片记录甜蜜瞬间，通过专属情感日记记录每日心情，实时关注彼此日常。平台以沉浸式互动体验，助力情侣增进情感联结，共同编织浪漫记忆。,"目标用户：情侣
以云养宠为核心亮点
更私密化 基本上所有功能都需要输入匹配码后才能使用","
-可装修小屋（2D画面，加剧可拖动摆放），共同设置装修方案
-默契问答
-情侣空间（心情日记、恋爱相册、纪念日、经期记录、一起better、默契挑战、恋爱惊喜-内可跳转选票和小吃，如麦、肯、瑞等）、抓娃娃
-每日叨叨（聊天功能，可发表情包、图片等）

商业模式：新用户限时优惠（抵扣1000钻石，双人永久380钻石）；永久解锁单项权益100钻石/项。钻石商店（6元60颗，18元200颗等，买的越多折扣相对越大）；小屋家具、宠物用品等也需要钻石/贝壳。贝壳可以通过做任务获取；APP内置有自己的周边广告以及其他APP广告（双人记账、报备APP广告等）；进应用前也有开屏广告","整体画面比较舒适，宠物开箱有故事情节，功能也较丰富，互动性也较强；经期记录；多处都有设置可付费的点，尤其是在装扮上，包括小屋和宠物装扮

",广告较多可能造成用户体验不好，做任务获取的贝壳数量有限，难以满足需求，过多的付费环节有可能会造成用户体验不佳，付费性价比不高,,,,,,
,the Couple (days in love),,"两个人最简单的记录，The Couple
和恋人联系,创造两个人的空间我们的纪念日,约会日记,两个人的生日在一个空间里!记录故事,分享照片,记录与恋人的回忆。如果和The Couple一起的话,即使在忙碌的日常生活中也不会错过珍贵的瞬间。
升级至高级会员，使用所有高级服务吧(去除广告、多种主题和装饰功能、上传照片、保存照片、锁定功能等)","目标用户：情侣
纪念日功能",自动计算的我们的纪念日、随心所欲装饰的应用程序背景画面、按日期留下的故事、使用主屏幕Wiget查看周年纪念日,,功能单一，比较简约，主要是纪念日功能，展示恋爱天数，可以记录每天的故事,,,,,,
,卡普喔,,,"分单人模式和双人模式，双人功能需绑定
不限于情侣","相册——将值得珍藏的照片分类上传到相册，节约手机内存的同时方便浏览。
点滴——用图文方式记录下身边故事，以日历和时间线形式展示点滴，方便查找和浏览。
纪念日——记下特别的日子，同时可开启重复提醒，提示下次纪念日的到来还有多少天。
愿望清单——将愿望写下，完成时将标记“已完成”，成就感拉满。总有一天，愿望都将实现。
梦想小屋——每天使用记录功能后，会获得心心鼓励。获得的心心可用于装扮小家。若邀请懂你的TA关联后，还可一起打造梦想小家。
实时定位——邀请懂你的TA关联后，若不能时刻陪伴彼此，可使用“在哪儿”功能，双方开启实时定位，时刻守护彼此。

商业模式：开屏广告；爱心6元600个，赠送50个，12元1200个，赠送150个等，爱心也可通过任务获取；单人月度VIP18元/月，单人特价30元/3年等，会员权益去除广告、买前预览等；打赏",应用内背景音乐；分单人模式和双人模式；可跳转定制实体相册,有一些基本功能也需要会员才能实现，如家具预览,,,,,,
,练爱心情app (亲密关系维护),,没搜到,,,,,,,,,,
,恋人空间app,,,,"每天想你、情侣爱情树、情侣纪念日、情侣时光（用照片和文字记录）、情侣恋爱打卡、情侣动态、情侣礼物、情侣愿望、情侣叫醒、情侣小家、情侣农场

商业模式：看广告获得奖励；钻石12元12000等，服装、家具等需要钻石，可做任务得钻石",未来情书（有点像时间胶囊）；应用内背景音乐，小屋内有情侣小人可互动，也可养宠物，可邀请邻居；有农场，可玩性较高,爱情树、我们的小家等界面整体色调比较鲜艳，可能不是年轻女生的style，有点古早风；农场像是内置另一个程序，有另外的货币和付费,,,,,,
,倒数日app (纪念日等节日),特色功能向,,"用来倒数日期的应用
，没有特别针对情侣","可分不同的倒数本类型，如生活、工作、纪念日等

商业模式：升级高级版，18元",,功能单一，主要是倒计天数功能,,,,,,
,恋爱记账小程序,,,用来记账的应用，专门针对情侣,商业模式：限时VIP，观看1次广告获得一小时会员；年度会员30/年，月度会员8.8/月，情侣年度会员50/年，情侣终身会员88/永久，会员权益主要是去除广告、自定义壁纸、存钱计划等功能,存钱计划,功能单一，虽然是针对情侣但是和其他记账软件没有明显区别,,,,,,
,情侣记忆电子账单制作,,情侣记忆电子菜单制作,情侣间模拟老板、顾客 做菜,恩爱广场（可以看到其他的做菜分享）,菜单这个形式比较新,小程序页面比较朴实，功能单一，没什么可玩性,,,,,,
吴佳芃,恋爱加减法app (满分情侣练成记),应用类,,"
“恋爱 KPI 教练”",把日常互动拆成 100+ 任务（+1/-1 分），实时排行榜+勋章体系,游戏化激励强；易形成“打卡”习惯,任务雷同易腻；分数机制可能制造矛盾,,阈值：如何不成为坏情侣；（表面）负反馈正向促进？,,,,
,恋爱记app,,,“情侣云日记+社区”,日记、纪念日管家、装扮小家、社区问答、1314 元打卡活动,记录维度全；社区氛围浓,功能堆叠、重点分散；广告多；内嵌聊天鸡肋,,,,,,
,恋爱日记app,,,“极简私密日记本”,图文/语音日记、云端同步、纪念册一键成书,"
界面清爽；导出成书差异化",无互动留存差；盈利点单一,,,,,,
,恋知道app (恋爱话术恋爱键盘),,,"
“外挂聊天键盘”",一键复制 20 万条土味情话、场景话术，悬浮窗键盘形态,即搜即用，话术量大；键盘形态零跳转,内容低质重复；长期依赖削弱真实沟通能力,,,,,,
,简爱app (恋爱聊天话术),,,"
“场景化话术库”","
按阶段（初识、暧昧、挽回）+ 场景（开场、邀约）分类话术","
分类细；附赠表情包",和恋知道高度同质化；缺少互动玩法,,,,,,
,幸福指南app (偏私密成人app),,,"
“情趣知识&商城”","
成人科普音频/短视频、匿名社区、情趣电商、情趣日历","
内容成人向差异化；高客单毛利",政策风险高；支付渠道、应用商店审核难,,,,,,
,情侣恋习生,特色功能向,,"
“情侣线上自习室”",番茄钟连麦学习、种树养成、成就徽章、排行榜,切中“异地陪伴”刚需；学习正向价值,场景狭窄；用户生命周期随考试结束而终结,,,,,,
,情侣大逃鲨 (游戏类),,,“情侣双人吃鸡”,"
2v2 轻竞技小游戏合集（答题、音游、手速），实时语音",竞技+合作双重爽点；单局 3 分钟碎片化,"
玩法易被复制；长期需持续更新地图/关卡",,,,,,
,圆周旅迹 (旅游规划),,,“情侣旅游规划师”,协同行程规划、预算清单、打卡地图、一键生成 vlog 模板,多人协作体验好；自动生成旅拍 vlog 降低创作门槛,低频工具属性；需打通机酒供应链提升变现,,,,,,
张雨婷,心动日常app,应用类,,18-25岁热恋期情侣/闺蜜，主要为大学生和职场新人；恋爱记录工具：日记 相册 纪念日；情感互动：打卡 任务；私密社交空间,界面温馨易上手 养萌宠（猫）装修客厅和卧室；，基础记录功能很完善；可以收到对方手机状态、电量、步数、位置、熬夜、离开app时间；连续打卡365天获1314￥；桌面传图,；双人绑定限制；费用低 功能多；,广告太多；隐私容易被侵犯 心理边界弱 对方控制强；,,,,,,
,微爱app,,,情侣设计的移动社交app，面向恋爱中（异地和同城），打造情侣专属空间,一对一私密聊天（支持已读功能）、纪念日提醒、时光相册记录、小游戏（爱情树、家、农场）、话题社区、情侣愿望、情侣叫醒、恋爱打卡等,四个一级按钮（时光、聊天、生活、更多）不常用的功能如游戏和购物折叠到更多中、首页显示二人所在地的天气,必须双人绑定、商业模式单一主要是游戏和自营商品销售 ，商品也单一；有些页面就很丑（进入页面两个人手牵手 也很丑）,,,,,,
,微光app,,,18-30岁注重陪伴的年轻群体；陪伴式娱乐，包括不限于连麦 观影 社交 唱k；主打一起“看”,观影体验良好，边语音边观影稳定性强,创新的社交模式：存在多个房间可进行观影 连麦 唱k；以及广场交友，内容丰富；用户粘性较高,版本成本高，会员月费18￥/月，用户行为难以监测和管理，面临监管风险；注册不要求年龄限制；创建房间无要求，容易涉黄,,,,,,
,小在乎app (密友分享和定位),,,关注安全的亲密关系群体，包括情侣、家人、密友；,位置多人共享， 有炸表情包 隐身模式 模糊/冻结对方位置；增加个人或者远程对方重要提醒,定位精度高；紧急情况响应快,功能单一；用户接受度有限；隐私权限受争议；商业模式有限,,,,,,
,情侣签app (恋爱记录),,,情侣社交软件,悄悄话：没有消息提示，可以分享自己想法和心情；小侦探：查看定位和app里面的操作记录；对讲机可以听见对方（只要共同都在线）类似连麦；爱情邮局：写信收信未来邮件等；还包含此刻心情记录、健康数据（睡眠）等、情侣清单条约券纪念日留言板等；情侣日常生活：日程表、月经、日记本、相册、爱情书、宠物猫；日常是一个广场，可以刷帖子发帖子；创造桌面组件传图,宠物喵的引入有故事情节；小而精，有很多小功能，慢慢探索增强游戏互动感；隐私需要双方授权,功能不是特别丰富，；会员费高（支持数据恢复）；产品logo和微爱app很像,,,,,,
,爱情积分小程序,特色功能向,账户绑定后，情侣进行拍照签到和任务打卡进行积分对话,针对情侣（想一起做任务）,拍照打卡、商品兑换,没什么太大吸引力，是一个小功能点,功能点不够完善,,,,,,
,love爱帮主 (恋爱话术),,专为提升恋爱聊天技巧而设计的安卓软件。它拥有超过40万的聊天话术，涵盖各种恋爱场景，还提供每日更新的土味情话和恋爱教程，以及高情商恋爱实战解析。用户可以复制对方的话进行搜索，快速获取巧妙的回复方式，一键复制粘贴，方便快捷。此外，该软件还提供恋爱聊天表情包和情侣头像，增加恋爱聊天的趣味性和个性化。,针对需要进行恋爱聊天的人群，提高情商，学会情话。,需开头会员享受完整功能：聊天搜索免费6次，答案可以直接复制；实战案例涵盖了追求前、热恋时；表情包提供；土味情话；聊天话题大全；,解决了人从认识到进一步交流、邀约突破、告白指南四大过程中与心动对象的对话难题，提供教程和方法（文字＋行动）,男女模板的设计是一样的；话题改相反即可,,,,,,
,恋爱翻译官小程序,,高情商恋爱话术聊天回复软件。内置海量聊天话术技巧，能根据用户粘贴的聊天内容，生成不同风格的聊天话术，如可爱风、温柔体贴、暧昧关系、风趣幽默等。还包含恋爱图鉴、脱单指南、形象提升等二十余种情感案例，帮助用户提升恋爱技巧,AI情感陪伴与恋爱社交，针对情侣、追求中、刚认识对象,内置AI大模型，利用解析截图和问答来解决恋爱问题,给出的答案会先分析事件和发送人的感受，再给出非常多的建议：话术和如何行动。并且ai提供的答案还是挺正常的,对话框没有上下文，每次聊天发送的内容有限（文字大概最多一百字，图片只能一张，太多内容就分析不过来）,,,,,,
, ,,,,,,,,,,,,
